Timestamp,Receiver,CodeSpace,Signal,Sensor.Value,Sensor.Unit
2018-04-13 20:26:37,132908,R64K,4529,NA,NA
2018-04-13 20:27:15,132908,R64K,4529,NA,NA
2018-04-13 20:28:07,132908,R64K,4529,NA,NA
2018-04-13 20:28:48,132908,R64K,4529,NA,NA
2018-04-13 20:29:32,132908,R64K,4529,NA,NA
2018-04-13 20:30:19,132908,R64K,4529,NA,NA
2018-04-13 20:31:54,132908,R64K,4529,NA,NA
2018-04-13 20:32:52,132908,R64K,4529,NA,NA
2018-04-13 20:33:27,132908,R64K,4529,NA,NA
2018-04-13 20:34:45,132908,R64K,4529,NA,NA
2018-04-14 00:28:01,132918,R64K,4529,NA,NA
2018-04-14 00:28:51,132918,R64K,4529,NA,NA
2018-04-14 00:29:36,132918,R64K,4529,NA,NA
2018-04-14 04:26:18,132908,R64K,4534,NA,NA
2018-04-14 04:27:33,132908,R64K,4534,NA,NA
2018-04-14 04:27:55,132908,R64K,4534,NA,NA
2018-04-14 04:28:24,132908,R64K,4534,NA,NA
2018-04-14 04:28:52,132908,R64K,4534,NA,NA
2018-04-14 04:29:46,132908,R64K,4534,NA,NA
2018-04-14 04:30:20,132908,R64K,4534,NA,NA
2018-04-14 04:31:18,132908,R64K,4534,NA,NA
2018-04-14 04:32:08,132908,R64K,4534,NA,NA
2018-04-14 04:32:41,132908,R64K,4534,NA,NA
2018-04-14 04:33:12,132908,R64K,4534,NA,NA
2018-04-14 04:33:56,132908,R64K,4534,NA,NA
2018-04-14 04:34:16,132908,R64K,4534,NA,NA
2018-04-14 04:35:09,132908,R64K,4534,NA,NA
2018-04-14 04:35:44,132908,R64K,4534,NA,NA
2018-04-14 04:36:15,132908,R64K,4534,NA,NA
2018-04-14 04:36:52,132908,R64K,4534,NA,NA
2018-04-14 04:37:21,132908,R64K,4534,NA,NA
2018-04-14 04:37:43,132908,R64K,4534,NA,NA
2018-04-14 04:38:25,132908,R64K,4534,NA,NA
2018-04-14 04:39:21,132908,R64K,4534,NA,NA
2018-04-14 04:39:56,132908,R64K,4534,NA,NA
2018-04-14 04:40:53,132908,R64K,4534,NA,NA
2018-04-14 04:41:51,132908,R64K,4534,NA,NA
2018-04-14 04:42:48,132908,R64K,4534,NA,NA
2018-04-14 04:43:17,132908,R64K,4534,NA,NA
2018-04-14 04:43:38,132908,R64K,4534,NA,NA
2018-04-14 04:44:23,132908,R64K,4534,NA,NA
2018-04-14 04:44:48,132908,R64K,4534,NA,NA
2018-04-14 04:45:28,132908,R64K,4534,NA,NA
2018-04-14 04:46:25,132908,R64K,4534,NA,NA
2018-04-14 04:46:46,132908,R64K,4534,NA,NA
2018-04-14 04:47:21,132908,R64K,4534,NA,NA
2018-04-14 04:47:50,132908,R64K,4534,NA,NA
2018-04-14 04:48:18,132908,R64K,4534,NA,NA
2018-04-14 04:49:05,132908,R64K,4534,NA,NA
2018-04-14 04:49:49,132908,R64K,4534,NA,NA
2018-04-14 04:50:35,132908,R64K,4534,NA,NA
2018-04-14 04:50:56,132908,R64K,4534,NA,NA
2018-04-14 04:51:22,132908,R64K,4534,NA,NA
2018-04-14 04:51:53,132908,R64K,4534,NA,NA
2018-04-14 04:52:29,132908,R64K,4534,NA,NA
2018-04-14 04:53:29,132908,R64K,4534,NA,NA
2018-04-14 04:54:11,132908,R64K,4534,NA,NA
2018-04-14 04:55:03,132908,R64K,4534,NA,NA
2018-04-14 04:55:52,132908,R64K,4534,NA,NA
2018-04-14 04:56:26,132908,R64K,4534,NA,NA
2018-04-14 04:57:24,132908,R64K,4534,NA,NA
2018-04-14 04:58:14,132908,R64K,4534,NA,NA
2018-04-14 04:58:58,132908,R64K,4534,NA,NA
2018-04-14 04:59:57,132908,R64K,4534,NA,NA
2018-04-14 05:00:39,132908,R64K,4534,NA,NA
2018-04-14 05:01:32,132908,R64K,4534,NA,NA
2018-04-14 05:01:53,132908,R64K,4534,NA,NA
2018-04-14 05:02:51,132908,R64K,4534,NA,NA
2018-04-14 05:03:21,132908,R64K,4534,NA,NA
2018-04-14 05:04:20,132908,R64K,4534,NA,NA
2018-04-14 05:05:02,132908,R64K,4534,NA,NA
2018-04-14 05:05:44,132908,R64K,4534,NA,NA
2018-04-14 05:06:30,132908,R64K,4534,NA,NA
2018-04-14 05:07:20,132908,R64K,4534,NA,NA
2018-04-14 05:08:16,132908,R64K,4534,NA,NA
2018-04-14 05:08:41,132908,R64K,4534,NA,NA
2018-04-14 05:09:26,132908,R64K,4534,NA,NA
2018-04-14 05:10:06,132908,R64K,4534,NA,NA
2018-04-14 05:10:32,132908,R64K,4534,NA,NA
2018-04-14 05:11:26,132908,R64K,4534,NA,NA
2018-04-14 05:11:52,132908,R64K,4534,NA,NA
2018-04-14 05:12:45,132908,R64K,4534,NA,NA
2018-04-14 05:13:23,132908,R64K,4534,NA,NA
2018-04-14 05:13:53,132908,R64K,4534,NA,NA
2018-04-14 05:14:15,132908,R64K,4534,NA,NA
2018-04-14 05:14:55,132908,R64K,4534,NA,NA
2018-04-14 05:15:47,132908,R64K,4534,NA,NA
2018-04-14 05:16:44,132908,R64K,4534,NA,NA
2018-04-14 05:17:24,132908,R64K,4534,NA,NA
2018-04-14 05:18:18,132908,R64K,4534,NA,NA
2018-04-14 05:18:50,132908,R64K,4534,NA,NA
2018-04-14 05:19:16,132908,R64K,4534,NA,NA
2018-04-14 05:19:47,132908,R64K,4534,NA,NA
2018-04-14 05:20:07,132908,R64K,4534,NA,NA
2018-04-14 05:20:46,132908,R64K,4534,NA,NA
2018-04-14 05:21:22,132908,R64K,4534,NA,NA
2018-04-14 05:21:59,132908,R64K,4534,NA,NA
2018-04-14 05:22:38,132908,R64K,4534,NA,NA
2018-04-14 05:23:06,132908,R64K,4534,NA,NA
2018-04-14 05:23:39,132908,R64K,4534,NA,NA
2018-04-14 05:24:37,132908,R64K,4534,NA,NA
2018-04-14 05:25:12,132908,R64K,4534,NA,NA
2018-04-14 05:25:49,132908,R64K,4534,NA,NA
2018-04-14 05:26:25,132908,R64K,4534,NA,NA
2018-04-14 05:26:50,132908,R64K,4534,NA,NA
2018-04-14 05:27:15,132908,R64K,4534,NA,NA
2018-04-14 05:27:58,132908,R64K,4534,NA,NA
2018-04-14 05:28:19,132908,R64K,4534,NA,NA
2018-04-14 05:29:10,132908,R64K,4534,NA,NA
2018-04-14 05:29:36,132908,R64K,4534,NA,NA
2018-04-14 05:30:23,132908,R64K,4534,NA,NA
2018-04-14 05:31:21,132908,R64K,4534,NA,NA
2018-04-14 05:32:21,132908,R64K,4534,NA,NA
2018-04-14 05:33:06,132908,R64K,4534,NA,NA
2018-04-14 05:33:50,132908,R64K,4534,NA,NA
2018-04-14 05:34:46,132908,R64K,4534,NA,NA
2018-04-14 05:35:40,132908,R64K,4534,NA,NA
2018-04-14 05:36:40,132908,R64K,4534,NA,NA
2018-04-14 05:37:30,132908,R64K,4534,NA,NA
2018-04-14 05:38:21,132908,R64K,4534,NA,NA
2018-04-14 05:38:55,132908,R64K,4534,NA,NA
2018-04-14 05:39:35,132908,R64K,4534,NA,NA
2018-04-14 05:40:34,132908,R64K,4534,NA,NA
2018-04-14 05:41:09,132908,R64K,4534,NA,NA
2018-04-14 05:41:30,132908,R64K,4534,NA,NA
2018-04-14 05:42:05,132908,R64K,4534,NA,NA
2018-04-14 05:43:02,132908,R64K,4534,NA,NA
2018-04-14 05:43:31,132908,R64K,4534,NA,NA
2018-04-14 05:44:20,132908,R64K,4534,NA,NA
2018-04-14 05:44:50,132908,R64K,4534,NA,NA
2018-04-14 05:45:16,132908,R64K,4534,NA,NA
2018-04-14 05:46:14,132908,R64K,4534,NA,NA
2018-04-14 05:46:44,132908,R64K,4534,NA,NA
2018-04-14 05:47:11,132908,R64K,4534,NA,NA
2018-04-14 05:47:44,132908,R64K,4534,NA,NA
2018-04-14 05:48:21,132908,R64K,4534,NA,NA
2018-04-14 05:49:10,132908,R64K,4534,NA,NA
2018-04-14 05:49:41,132908,R64K,4534,NA,NA
2018-04-14 05:50:06,132908,R64K,4534,NA,NA
2018-04-14 05:50:43,132908,R64K,4534,NA,NA
2018-04-14 05:51:36,132908,R64K,4534,NA,NA
2018-04-14 05:52:23,132908,R64K,4534,NA,NA
2018-04-14 05:53:05,132908,R64K,4534,NA,NA
2018-04-14 05:53:42,132908,R64K,4534,NA,NA
2018-04-14 05:54:03,132908,R64K,4534,NA,NA
2018-04-14 05:54:30,132908,R64K,4534,NA,NA
2018-04-14 05:55:29,132908,R64K,4534,NA,NA
2018-04-14 05:56:08,132908,R64K,4534,NA,NA
2018-04-14 05:56:29,132908,R64K,4534,NA,NA
2018-04-14 05:57:21,132908,R64K,4534,NA,NA
2018-04-14 05:57:48,132908,R64K,4534,NA,NA
2018-04-14 05:58:43,132908,R64K,4534,NA,NA
2018-04-14 05:59:27,132908,R64K,4534,NA,NA
2018-04-14 06:00:27,132908,R64K,4534,NA,NA
2018-04-14 06:00:49,132908,R64K,4534,NA,NA
2018-04-14 06:01:48,132908,R64K,4534,NA,NA
2018-04-14 06:02:19,132908,R64K,4534,NA,NA
2018-04-14 06:03:11,132908,R64K,4534,NA,NA
2018-04-14 06:03:31,132908,R64K,4534,NA,NA
2018-04-14 06:04:05,132908,R64K,4534,NA,NA
2018-04-14 06:04:45,132908,R64K,4534,NA,NA
2018-04-14 06:05:36,132908,R64K,4534,NA,NA
2018-04-14 06:06:15,132908,R64K,4534,NA,NA
2018-04-14 06:06:42,132908,R64K,4534,NA,NA
2018-04-14 06:07:08,132908,R64K,4534,NA,NA
2018-04-14 06:08:04,132908,R64K,4534,NA,NA
2018-04-14 06:08:36,132908,R64K,4534,NA,NA
2018-04-14 06:09:13,132908,R64K,4534,NA,NA
2018-04-14 06:09:46,132908,R64K,4534,NA,NA
2018-04-14 06:10:29,132908,R64K,4534,NA,NA
2018-04-14 06:10:50,132908,R64K,4534,NA,NA
2018-04-14 06:11:10,132908,R64K,4534,NA,NA
2018-04-14 06:11:59,132908,R64K,4534,NA,NA
2018-04-14 06:12:21,132908,R64K,4534,NA,NA
2018-04-14 06:13:09,132908,R64K,4534,NA,NA
2018-04-14 06:14:00,132908,R64K,4534,NA,NA
2018-04-14 06:14:21,132908,R64K,4534,NA,NA
2018-04-14 06:15:11,132908,R64K,4534,NA,NA
2018-04-14 06:15:35,132908,R64K,4534,NA,NA
2018-04-14 06:16:17,132908,R64K,4534,NA,NA
2018-04-14 06:17:04,132908,R64K,4534,NA,NA
2018-04-14 06:17:59,132908,R64K,4534,NA,NA
2018-04-14 06:18:29,132908,R64K,4534,NA,NA
2018-04-14 06:19:26,132908,R64K,4534,NA,NA
2018-04-14 06:19:46,132908,R64K,4534,NA,NA
2018-04-14 06:20:41,132908,R64K,4534,NA,NA
2018-04-14 06:21:26,132908,R64K,4534,NA,NA
2018-04-14 06:21:59,132908,R64K,4534,NA,NA
2018-04-14 06:22:41,132908,R64K,4534,NA,NA
2018-04-14 06:23:37,132908,R64K,4534,NA,NA
2018-04-14 06:24:00,132908,R64K,4534,NA,NA
2018-04-14 06:24:56,132908,R64K,4534,NA,NA
2018-04-14 06:25:32,132908,R64K,4534,NA,NA
2018-04-14 06:26:25,132908,R64K,4534,NA,NA
2018-04-14 06:26:50,132908,R64K,4534,NA,NA
2018-04-14 06:27:30,132908,R64K,4534,NA,NA
2018-04-14 06:27:50,132908,R64K,4534,NA,NA
2018-04-14 06:28:17,132908,R64K,4534,NA,NA
2018-04-14 06:28:48,132908,R64K,4534,NA,NA
2018-04-14 06:29:19,132908,R64K,4534,NA,NA
2018-04-14 06:29:46,132908,R64K,4534,NA,NA
2018-04-14 06:30:25,132908,R64K,4534,NA,NA
2018-04-14 06:31:22,132908,R64K,4534,NA,NA
2018-04-14 06:32:02,132908,R64K,4534,NA,NA
2018-04-14 06:32:43,132908,R64K,4534,NA,NA
2018-04-14 06:33:15,132908,R64K,4534,NA,NA
2018-04-14 06:33:50,132908,R64K,4534,NA,NA
2018-04-14 06:34:14,132908,R64K,4534,NA,NA
2018-04-14 06:34:52,132908,R64K,4534,NA,NA
2018-04-14 06:35:16,132908,R64K,4534,NA,NA
2018-04-14 06:36:04,132908,R64K,4534,NA,NA
2018-04-14 06:37:54,132908,R64K,4534,NA,NA
2018-04-14 06:38:44,132908,R64K,4534,NA,NA
2018-04-14 06:39:26,132908,R64K,4534,NA,NA
2018-04-14 06:39:50,132908,R64K,4534,NA,NA
2018-04-14 06:40:18,132908,R64K,4534,NA,NA
2018-04-14 06:41:13,132908,R64K,4534,NA,NA
2018-04-14 06:41:52,132908,R64K,4534,NA,NA
2018-04-14 06:42:33,132908,R64K,4534,NA,NA
2018-04-14 06:43:45,132908,R64K,4534,NA,NA
2018-04-14 06:44:45,132908,R64K,4534,NA,NA
2018-04-14 06:45:39,132908,R64K,4534,NA,NA
2018-04-14 06:46:38,132908,R64K,4534,NA,NA
2018-04-14 06:46:58,132908,R64K,4534,NA,NA
2018-04-14 06:47:26,132908,R64K,4534,NA,NA
2018-04-14 06:48:38,132908,R64K,4534,NA,NA
2018-04-14 06:50:55,132908,R64K,4534,NA,NA
2018-04-14 06:51:43,132908,R64K,4534,NA,NA
2018-04-14 06:54:54,132908,R64K,4534,NA,NA
2018-04-14 06:55:17,132908,R64K,4534,NA,NA
2018-04-14 06:55:42,132908,R64K,4534,NA,NA
2018-04-14 06:56:32,132908,R64K,4534,NA,NA
2018-04-14 06:57:32,132908,R64K,4534,NA,NA
2018-04-14 06:58:57,132908,R64K,4534,NA,NA
2018-04-14 06:59:56,132908,R64K,4534,NA,NA
2018-04-14 20:10:08,132908,R64K,4541,NA,NA
2018-04-14 20:11:01,132908,R64K,4541,NA,NA
2018-04-14 20:11:21,132908,R64K,4541,NA,NA
2018-04-14 20:12:00,132908,R64K,4541,NA,NA
2018-04-14 20:12:50,132908,R64K,4541,NA,NA
2018-04-14 20:13:24,132908,R64K,4541,NA,NA
2018-04-14 20:14:17,132908,R64K,4541,NA,NA
2018-04-14 20:14:38,132908,R64K,4541,NA,NA
2018-04-14 20:15:07,132908,R64K,4541,NA,NA
2018-04-14 20:16:27,132908,R64K,4541,NA,NA
2018-04-14 20:17:07,132908,R64K,4541,NA,NA
2018-04-14 22:23:18,132918,R64K,4534,NA,NA
2018-04-14 22:24:16,132918,R64K,4534,NA,NA
2018-04-14 23:45:18,132918,R64K,4541,NA,NA
2018-04-14 23:46:18,132918,R64K,4541,NA,NA
2018-04-14 23:46:55,132918,R64K,4541,NA,NA
2018-04-14 23:47:24,132918,R64K,4541,NA,NA
2018-04-15 21:25:04,132917,R64K,4529,NA,NA
2018-04-15 21:25:25,132917,R64K,4529,NA,NA
2018-04-15 21:25:45,132917,R64K,4529,NA,NA
2018-04-15 21:26:45,132917,R64K,4529,NA,NA
2018-04-15 21:27:30,132917,R64K,4529,NA,NA
2018-04-16 00:47:27,132916,R64K,4529,NA,NA
2018-04-16 00:48:10,132916,R64K,4529,NA,NA
2018-04-16 00:48:38,132916,R64K,4529,NA,NA
2018-04-16 00:49:03,132916,R64K,4529,NA,NA
2018-04-16 00:49:44,132916,R64K,4529,NA,NA
2018-04-16 00:50:08,132916,R64K,4529,NA,NA
2018-04-16 00:50:49,132916,R64K,4529,NA,NA
2018-04-16 00:51:44,132916,R64K,4529,NA,NA
2018-04-16 00:52:45,132916,R64K,4529,NA,NA
2018-04-16 00:54:01,132914,R64K,4529,NA,NA
2018-04-16 00:55:03,132914,R64K,4529,NA,NA
2018-04-16 00:55:36,132914,R64K,4529,NA,NA
2018-04-16 00:56:15,132914,R64K,4529,NA,NA
2018-04-16 00:57:05,132914,R64K,4529,NA,NA
2018-04-16 00:57:37,132914,R64K,4529,NA,NA
2018-04-16 00:58:08,132914,R64K,4529,NA,NA
2018-04-16 01:09:42,132915,R64K,4529,NA,NA
2018-04-16 01:10:49,132915,R64K,4529,NA,NA
2018-04-16 01:11:19,132915,R64K,4529,NA,NA
2018-04-16 01:12:01,132915,R64K,4529,NA,NA
2018-04-16 01:12:39,132915,R64K,4529,NA,NA
2018-04-16 01:13:12,132915,R64K,4529,NA,NA
2018-04-16 01:13:42,132915,R64K,4529,NA,NA
2018-04-16 01:15:16,132915,R64K,4529,NA,NA
2018-04-16 15:25:07,132908,R64K,4477,NA,NA
2018-04-16 15:25:36,132908,R64K,4477,NA,NA
2018-04-16 15:26:08,132908,R64K,4477,NA,NA
2018-04-16 15:26:50,132908,R64K,4477,NA,NA
2018-04-16 15:27:29,132908,R64K,4477,NA,NA
2018-04-16 15:27:50,132908,R64K,4477,NA,NA
2018-04-16 15:28:13,132908,R64K,4477,NA,NA
2018-04-16 15:28:35,132908,R64K,4477,NA,NA
2018-04-16 15:30:42,132908,R64K,4477,NA,NA
2018-04-16 16:06:05,132917,R64K,4534,NA,NA
2018-04-16 16:06:34,132917,R64K,4534,NA,NA
2018-04-16 16:07:04,132917,R64K,4534,NA,NA
2018-04-16 16:08:03,132917,R64K,4534,NA,NA
2018-04-16 22:04:59,132918,R64K,4477,NA,NA
2018-04-16 22:05:33,132918,R64K,4477,NA,NA
2018-04-16 22:06:24,132918,R64K,4477,NA,NA
2018-04-17 00:55:07,133221,R64K,4529,NA,NA
2018-04-17 00:57:17,133221,R64K,4529,NA,NA
2018-04-17 03:20:20,132917,R64K,4477,NA,NA
2018-04-17 03:21:15,132917,R64K,4477,NA,NA
2018-04-17 03:21:55,132917,R64K,4477,NA,NA
2018-04-17 10:12:12,132908,R64K,4515,NA,NA
2018-04-17 10:12:42,132908,R64K,4515,NA,NA
2018-04-17 10:13:40,132908,R64K,4515,NA,NA
2018-04-17 10:14:35,132908,R64K,4515,NA,NA
2018-04-17 10:15:04,132908,R64K,4515,NA,NA
2018-04-17 10:16:03,132908,R64K,4515,NA,NA
2018-04-17 10:17:03,132908,R64K,4515,NA,NA
2018-04-17 10:18:03,132908,R64K,4515,NA,NA
2018-04-17 11:49:59,132908,R64K,4508,NA,NA
2018-04-17 11:50:33,132908,R64K,4508,NA,NA
2018-04-17 11:51:25,132908,R64K,4508,NA,NA
2018-04-17 11:52:20,132908,R64K,4508,NA,NA
2018-04-17 11:52:53,132908,R64K,4508,NA,NA
2018-04-17 11:53:39,132908,R64K,4508,NA,NA
2018-04-17 11:54:17,132908,R64K,4508,NA,NA
2018-04-17 11:54:49,132908,R64K,4508,NA,NA
2018-04-17 14:25:28,132908,R64K,4526,NA,NA
2018-04-17 14:26:16,132908,R64K,4526,NA,NA
2018-04-17 14:26:56,132908,R64K,4526,NA,NA
2018-04-17 14:27:32,132908,R64K,4526,NA,NA
2018-04-17 14:28:23,132908,R64K,4526,NA,NA
2018-04-17 14:29:38,132908,R64K,4526,NA,NA
2018-04-17 14:31:14,132908,R64K,4526,NA,NA
2018-04-17 14:31:38,132908,R64K,4526,NA,NA
2018-04-17 14:32:27,132908,R64K,4526,NA,NA
2018-04-17 14:33:03,132908,R64K,4526,NA,NA
2018-04-17 14:34:03,132908,R64K,4526,NA,NA
2018-04-17 14:34:44,132908,R64K,4526,NA,NA
2018-04-17 14:35:18,132908,R64K,4526,NA,NA
2018-04-17 14:36:08,132908,R64K,4526,NA,NA
2018-04-17 14:36:35,132908,R64K,4526,NA,NA
2018-04-17 14:37:29,132908,R64K,4526,NA,NA
2018-04-17 14:38:22,132908,R64K,4526,NA,NA
2018-04-17 14:39:10,132908,R64K,4526,NA,NA
2018-04-17 14:39:32,132908,R64K,4526,NA,NA
2018-04-17 14:40:22,132908,R64K,4526,NA,NA
2018-04-17 14:40:42,132908,R64K,4526,NA,NA
2018-04-17 14:42:03,132908,R64K,4526,NA,NA
2018-04-17 14:43:00,132908,R64K,4526,NA,NA
2018-04-17 14:43:53,132908,R64K,4526,NA,NA
2018-04-17 14:44:28,132908,R64K,4526,NA,NA
2018-04-17 14:45:05,132908,R64K,4526,NA,NA
2018-04-17 14:45:56,132908,R64K,4526,NA,NA
2018-04-17 14:46:28,132908,R64K,4526,NA,NA
2018-04-17 14:47:10,132908,R64K,4526,NA,NA
2018-04-17 14:48:08,132908,R64K,4526,NA,NA
2018-04-17 14:48:49,132908,R64K,4526,NA,NA
2018-04-17 14:49:18,132908,R64K,4526,NA,NA
2018-04-17 14:49:56,132908,R64K,4526,NA,NA
2018-04-17 14:51:25,132908,R64K,4526,NA,NA
2018-04-17 14:52:13,132908,R64K,4526,NA,NA
2018-04-17 14:53:06,132908,R64K,4526,NA,NA
2018-04-17 14:54:03,132908,R64K,4526,NA,NA
2018-04-17 14:54:59,132908,R64K,4526,NA,NA
2018-04-17 14:55:54,132908,R64K,4526,NA,NA
2018-04-17 14:56:45,132908,R64K,4526,NA,NA
2018-04-17 14:57:09,132908,R64K,4526,NA,NA
2018-04-17 14:57:34,132908,R64K,4526,NA,NA
2018-04-17 14:58:19,132908,R64K,4526,NA,NA
2018-04-17 15:03:06,132908,R64K,4526,NA,NA
2018-04-17 21:33:19,132918,R64K,4508,NA,NA
2018-04-17 21:33:40,132918,R64K,4508,NA,NA
2018-04-17 21:34:11,132918,R64K,4508,NA,NA
2018-04-17 21:34:31,132918,R64K,4508,NA,NA
2018-04-17 21:35:00,132918,R64K,4508,NA,NA
2018-04-17 21:39:24,132918,R64K,4515,NA,NA
2018-04-17 21:40:23,132918,R64K,4515,NA,NA
2018-04-17 21:40:25,132916,R64K,4477,NA,NA
2018-04-17 21:40:57,132918,R64K,4515,NA,NA
2018-04-17 21:41:16,132916,R64K,4477,NA,NA
2018-04-17 21:42:15,132916,R64K,4477,NA,NA
2018-04-17 21:42:40,132916,R64K,4477,NA,NA
2018-04-17 21:43:29,132916,R64K,4477,NA,NA
2018-04-17 21:44:04,132916,R64K,4477,NA,NA
2018-04-17 21:44:27,132916,R64K,4477,NA,NA
2018-04-17 21:44:54,132916,R64K,4477,NA,NA
2018-04-17 21:45:49,132916,R64K,4477,NA,NA
2018-04-17 21:46:50,132916,R64K,4477,NA,NA
2018-04-17 21:47:29,132914,R64K,4477,NA,NA
2018-04-17 21:48:25,132914,R64K,4477,NA,NA
2018-04-17 21:49:08,132914,R64K,4477,NA,NA
2018-04-17 21:49:42,132914,R64K,4477,NA,NA
2018-04-17 21:50:07,132914,R64K,4477,NA,NA
2018-04-17 21:51:04,132914,R64K,4477,NA,NA
2018-04-17 21:51:51,132914,R64K,4477,NA,NA
2018-04-17 21:58:57,132915,R64K,4477,NA,NA
2018-04-17 22:01:35,132915,R64K,4477,NA,NA
2018-04-17 22:02:48,132915,R64K,4477,NA,NA
2018-04-17 22:03:37,132915,R64K,4477,NA,NA
2018-04-17 22:04:19,132915,R64K,4477,NA,NA
2018-04-17 22:05:02,132915,R64K,4477,NA,NA
2018-04-17 22:05:27,132915,R64K,4477,NA,NA
2018-04-17 22:05:52,132915,R64K,4477,NA,NA
2018-04-17 22:06:25,132915,R64K,4477,NA,NA
2018-04-17 22:06:56,132915,R64K,4477,NA,NA
2018-04-17 22:07:41,132915,R64K,4477,NA,NA
2018-04-17 22:09:16,132915,R64K,4477,NA,NA
2018-04-17 22:10:00,132915,R64K,4477,NA,NA
2018-04-17 22:23:19,132918,R64K,4526,NA,NA
2018-04-17 22:23:53,132918,R64K,4526,NA,NA
2018-04-17 22:24:55,132918,R64K,4526,NA,NA
2018-04-17 22:26:06,132918,R64K,4526,NA,NA
2018-04-18 00:32:45,132908,R64K,4465,NA,NA
2018-04-18 00:33:19,132908,R64K,4465,NA,NA
2018-04-18 00:33:43,132908,R64K,4465,NA,NA
2018-04-18 00:34:18,132908,R64K,4465,NA,NA
2018-04-18 00:35:17,132908,R64K,4465,NA,NA
2018-04-18 00:35:38,132908,R64K,4465,NA,NA
2018-04-18 00:55:48,132908,R64K,4510,NA,NA
2018-04-18 00:56:31,132908,R64K,4510,NA,NA
2018-04-18 00:57:16,132908,R64K,4510,NA,NA
2018-04-18 00:58:03,132908,R64K,4510,NA,NA
2018-04-18 00:58:33,132908,R64K,4510,NA,NA
2018-04-18 00:59:16,132908,R64K,4510,NA,NA
2018-04-18 00:59:50,132908,R64K,4510,NA,NA
2018-04-18 01:00:30,132908,R64K,4510,NA,NA
2018-04-18 01:01:15,132908,R64K,4510,NA,NA
2018-04-18 01:01:54,132908,R64K,4510,NA,NA
2018-04-18 01:02:30,132908,R64K,4510,NA,NA
2018-04-18 01:02:54,132908,R64K,4510,NA,NA
2018-04-18 01:03:30,132908,R64K,4510,NA,NA
2018-04-18 01:03:57,132908,R64K,4510,NA,NA
2018-04-18 01:04:42,132908,R64K,4510,NA,NA
2018-04-18 04:00:35,132918,R64K,4465,NA,NA
2018-04-18 04:01:35,132918,R64K,4465,NA,NA
2018-04-18 04:02:14,132918,R64K,4465,NA,NA
2018-04-18 04:02:55,132918,R64K,4465,NA,NA
2018-04-18 04:03:23,132918,R64K,4465,NA,NA
2018-04-18 04:04:14,132918,R64K,4465,NA,NA
2018-04-18 04:04:58,132918,R64K,4465,NA,NA
2018-04-18 04:05:48,132918,R64K,4465,NA,NA
2018-04-18 04:06:48,132918,R64K,4465,NA,NA
2018-04-18 04:08:19,132918,R64K,4465,NA,NA
2018-04-18 04:08:49,132918,R64K,4465,NA,NA
2018-04-18 04:09:28,132918,R64K,4465,NA,NA
2018-04-18 04:09:59,132918,R64K,4465,NA,NA
2018-04-18 04:10:34,132918,R64K,4465,NA,NA
2018-04-18 04:10:55,132918,R64K,4465,NA,NA
2018-04-18 04:11:27,132918,R64K,4465,NA,NA
2018-04-18 04:12:26,132918,R64K,4465,NA,NA
2018-04-18 04:12:48,132918,R64K,4465,NA,NA
2018-04-18 04:13:25,132918,R64K,4465,NA,NA
2018-04-18 04:14:17,132918,R64K,4465,NA,NA
2018-04-18 04:15:05,132918,R64K,4465,NA,NA
2018-04-18 04:15:52,132918,R64K,4465,NA,NA
2018-04-18 04:16:12,132918,R64K,4465,NA,NA
2018-04-18 04:16:32,132918,R64K,4465,NA,NA
2018-04-18 04:16:58,132918,R64K,4465,NA,NA
2018-04-18 04:17:18,132918,R64K,4465,NA,NA
2018-04-18 04:17:51,132918,R64K,4465,NA,NA
2018-04-18 04:18:48,132918,R64K,4465,NA,NA
2018-04-18 04:19:42,132918,R64K,4465,NA,NA
2018-04-18 04:20:03,132918,R64K,4465,NA,NA
2018-04-18 04:22:13,132918,R64K,4465,NA,NA
2018-04-18 04:22:38,132918,R64K,4465,NA,NA
2018-04-18 04:22:58,132918,R64K,4465,NA,NA
2018-04-18 04:23:45,132918,R64K,4465,NA,NA
2018-04-18 04:24:25,132918,R64K,4465,NA,NA
2018-04-18 04:25:37,132918,R64K,4465,NA,NA
2018-04-18 04:26:42,132918,R64K,4465,NA,NA
2018-04-18 04:27:30,132918,R64K,4465,NA,NA
2018-04-18 04:28:23,132918,R64K,4465,NA,NA
2018-04-18 04:29:02,132918,R64K,4465,NA,NA
2018-04-18 04:29:32,132918,R64K,4465,NA,NA
2018-04-18 04:30:14,132918,R64K,4465,NA,NA
2018-04-18 04:30:54,132918,R64K,4465,NA,NA
2018-04-18 04:31:49,132918,R64K,4465,NA,NA
2018-04-18 04:32:12,132918,R64K,4465,NA,NA
2018-04-18 04:32:45,132918,R64K,4465,NA,NA
2018-04-18 04:33:20,132918,R64K,4465,NA,NA
2018-04-18 04:34:18,132918,R64K,4465,NA,NA
2018-04-18 04:35:07,132918,R64K,4465,NA,NA
2018-04-18 04:36:23,132918,R64K,4465,NA,NA
2018-04-18 04:36:44,132918,R64K,4465,NA,NA
2018-04-18 04:37:17,132918,R64K,4465,NA,NA
2018-04-18 04:37:56,132918,R64K,4465,NA,NA
2018-04-18 04:38:32,132918,R64K,4465,NA,NA
2018-04-18 04:39:42,132918,R64K,4465,NA,NA
2018-04-18 04:40:20,132918,R64K,4465,NA,NA
2018-04-18 04:41:07,132918,R64K,4465,NA,NA
2018-04-18 04:41:37,132918,R64K,4465,NA,NA
2018-04-18 04:42:37,132918,R64K,4465,NA,NA
2018-04-18 04:43:33,132918,R64K,4465,NA,NA
2018-04-18 04:44:30,132918,R64K,4465,NA,NA
2018-04-18 04:44:54,132918,R64K,4465,NA,NA
2018-04-18 04:45:54,132918,R64K,4465,NA,NA
2018-04-18 04:46:50,132918,R64K,4465,NA,NA
2018-04-18 04:47:24,132918,R64K,4465,NA,NA
2018-04-18 04:48:13,132918,R64K,4465,NA,NA
2018-04-18 04:49:05,132918,R64K,4465,NA,NA
2018-04-18 04:49:48,132918,R64K,4465,NA,NA
2018-04-18 04:50:34,132918,R64K,4465,NA,NA
2018-04-18 04:51:02,132918,R64K,4465,NA,NA
2018-04-18 04:51:30,132918,R64K,4465,NA,NA
2018-04-18 04:52:26,132918,R64K,4465,NA,NA
2018-04-18 04:53:19,132918,R64K,4465,NA,NA
2018-04-18 04:54:12,132918,R64K,4465,NA,NA
2018-04-18 04:54:54,132918,R64K,4465,NA,NA
2018-04-18 04:55:47,132918,R64K,4465,NA,NA
2018-04-18 04:56:46,132918,R64K,4465,NA,NA
2018-04-18 04:57:34,132918,R64K,4465,NA,NA
2018-04-18 04:57:54,132918,R64K,4465,NA,NA
2018-04-18 04:58:28,132918,R64K,4465,NA,NA
2018-04-18 04:59:24,132918,R64K,4465,NA,NA
2018-04-18 04:59:44,132918,R64K,4465,NA,NA
2018-04-18 05:00:44,132918,R64K,4465,NA,NA
2018-04-18 05:01:23,132918,R64K,4465,NA,NA
2018-04-18 05:02:12,132918,R64K,4465,NA,NA
2018-04-18 05:02:46,132918,R64K,4465,NA,NA
2018-04-18 05:03:23,132918,R64K,4465,NA,NA
2018-04-18 05:03:56,132918,R64K,4465,NA,NA
2018-04-18 05:04:16,132918,R64K,4465,NA,NA
2018-04-18 05:04:57,132918,R64K,4465,NA,NA
2018-04-18 05:05:32,132918,R64K,4465,NA,NA
2018-04-18 05:06:17,132918,R64K,4465,NA,NA
2018-04-18 05:07:28,132918,R64K,4465,NA,NA
2018-04-18 05:08:23,132918,R64K,4465,NA,NA
2018-04-18 05:09:00,132918,R64K,4465,NA,NA
2018-04-18 05:11:11,132918,R64K,4465,NA,NA
2018-04-18 05:11:43,132918,R64K,4465,NA,NA
2018-04-18 05:13:47,132918,R64K,4465,NA,NA
2018-04-18 05:15:29,132918,R64K,4465,NA,NA
2018-04-18 05:15:57,132918,R64K,4465,NA,NA
2018-04-18 05:16:21,132918,R64K,4465,NA,NA
2018-04-18 05:17:12,132918,R64K,4465,NA,NA
2018-04-18 05:17:37,132918,R64K,4465,NA,NA
2018-04-18 05:18:03,132918,R64K,4465,NA,NA
2018-04-18 05:18:51,132918,R64K,4465,NA,NA
2018-04-18 05:19:47,132918,R64K,4465,NA,NA
2018-04-18 05:20:35,132918,R64K,4465,NA,NA
2018-04-18 05:21:12,132918,R64K,4465,NA,NA
2018-04-18 05:22:02,132918,R64K,4465,NA,NA
2018-04-18 05:22:41,132918,R64K,4465,NA,NA
2018-04-18 05:23:18,132918,R64K,4465,NA,NA
2018-04-18 05:23:45,132918,R64K,4465,NA,NA
2018-04-18 05:24:22,132918,R64K,4465,NA,NA
2018-04-18 05:25:25,132918,R64K,4465,NA,NA
2018-04-18 05:28:12,132918,R64K,4465,NA,NA
2018-04-18 05:28:43,132918,R64K,4465,NA,NA
2018-04-18 05:29:27,132918,R64K,4465,NA,NA
2018-04-18 05:29:56,132918,R64K,4465,NA,NA
2018-04-18 05:30:18,132918,R64K,4465,NA,NA
2018-04-18 05:30:45,132918,R64K,4465,NA,NA
2018-04-18 05:31:08,132918,R64K,4465,NA,NA
2018-04-18 05:31:42,132918,R64K,4465,NA,NA
2018-04-18 05:32:36,132918,R64K,4465,NA,NA
2018-04-18 05:34:44,132918,R64K,4465,NA,NA
2018-04-18 05:35:44,132908,R64K,4456,NA,NA
2018-04-18 05:36:42,132918,R64K,4465,NA,NA
2018-04-18 05:36:43,132908,R64K,4456,NA,NA
2018-04-18 05:37:56,132918,R64K,4510,NA,NA
2018-04-18 05:38:25,132908,R64K,4456,NA,NA
2018-04-18 05:39:12,132918,R64K,4510,NA,NA
2018-04-18 05:39:20,132908,R64K,4456,NA,NA
2018-04-18 05:39:54,132908,R64K,4456,NA,NA
2018-04-18 05:40:15,132918,R64K,4510,NA,NA
2018-04-18 05:40:21,132908,R64K,4456,NA,NA
2018-04-18 05:40:38,132918,R64K,4465,NA,NA
2018-04-18 05:40:41,132908,R64K,4456,NA,NA
2018-04-18 05:41:05,132918,R64K,4465,NA,NA
2018-04-18 05:41:28,132908,R64K,4456,NA,NA
2018-04-18 05:41:51,132908,R64K,4456,NA,NA
2018-04-18 05:42:21,132908,R64K,4456,NA,NA
2018-04-18 05:43:11,132918,R64K,4465,NA,NA
2018-04-18 05:43:18,132908,R64K,4456,NA,NA
2018-04-18 05:44:15,132908,R64K,4456,NA,NA
2018-04-18 05:44:35,132908,R64K,4456,NA,NA
2018-04-18 05:44:47,132918,R64K,4465,NA,NA
2018-04-18 05:45:53,132918,R64K,4465,NA,NA
2018-04-18 05:46:55,132908,R64K,4456,NA,NA
2018-04-18 05:47:00,132918,R64K,4465,NA,NA
2018-04-18 05:47:27,132918,R64K,4465,NA,NA
2018-04-18 05:48:27,132918,R64K,4465,NA,NA
2018-04-18 05:50:03,132918,R64K,4465,NA,NA
2018-04-18 05:50:56,132918,R64K,4465,NA,NA
2018-04-18 05:51:56,132918,R64K,4465,NA,NA
2018-04-18 05:52:51,132918,R64K,4465,NA,NA
2018-04-18 05:53:36,132918,R64K,4465,NA,NA
2018-04-18 05:54:03,132918,R64K,4465,NA,NA
2018-04-18 05:54:31,132918,R64K,4465,NA,NA
2018-04-18 05:54:54,132918,R64K,4465,NA,NA
2018-04-18 05:56:05,132918,R64K,4465,NA,NA
2018-04-18 05:57:01,132918,R64K,4465,NA,NA
2018-04-18 05:58:08,132918,R64K,4465,NA,NA
2018-04-18 05:58:38,132918,R64K,4465,NA,NA
2018-04-18 06:00:51,132918,R64K,4465,NA,NA
2018-04-18 06:01:42,132918,R64K,4465,NA,NA
2018-04-18 06:02:05,132918,R64K,4465,NA,NA
2018-04-18 06:02:27,132918,R64K,4465,NA,NA
2018-04-18 06:03:33,132918,R64K,4465,NA,NA
2018-04-18 06:04:03,132918,R64K,4465,NA,NA
2018-04-18 06:05:50,132918,R64K,4465,NA,NA
2018-04-18 06:06:45,132918,R64K,4465,NA,NA
2018-04-18 06:07:36,132918,R64K,4465,NA,NA
2018-04-18 06:08:02,132918,R64K,4465,NA,NA
2018-04-18 06:08:29,132918,R64K,4465,NA,NA
2018-04-18 06:09:40,132918,R64K,4465,NA,NA
2018-04-18 06:10:03,132918,R64K,4465,NA,NA
2018-04-18 06:10:51,132918,R64K,4465,NA,NA
2018-04-18 06:11:47,132918,R64K,4465,NA,NA
2018-04-18 06:12:17,132918,R64K,4465,NA,NA
2018-04-18 06:16:08,132918,R64K,4465,NA,NA
2018-04-18 06:17:33,132918,R64K,4465,NA,NA
2018-04-18 06:21:44,132918,R64K,4465,NA,NA
2018-04-18 06:24:00,132918,R64K,4465,NA,NA
2018-04-18 06:25:23,132918,R64K,4465,NA,NA
2018-04-18 06:27:33,132918,R64K,4465,NA,NA
2018-04-18 06:28:15,132918,R64K,4465,NA,NA
2018-04-18 06:28:37,132918,R64K,4465,NA,NA
2018-04-18 06:28:57,132918,R64K,4465,NA,NA
2018-04-18 06:29:47,132918,R64K,4465,NA,NA
2018-04-18 06:30:21,132918,R64K,4465,NA,NA
2018-04-18 06:31:09,132918,R64K,4465,NA,NA
2018-04-18 06:31:31,132918,R64K,4465,NA,NA
2018-04-18 06:32:17,132918,R64K,4465,NA,NA
2018-04-18 06:32:45,132918,R64K,4465,NA,NA
2018-04-18 06:33:05,132918,R64K,4465,NA,NA
2018-04-18 06:34:33,132918,R64K,4465,NA,NA
2018-04-18 06:35:32,132918,R64K,4465,NA,NA
2018-04-18 06:36:01,132918,R64K,4465,NA,NA
2018-04-18 06:36:46,132918,R64K,4465,NA,NA
2018-04-18 06:37:38,132918,R64K,4465,NA,NA
2018-04-18 06:38:37,132918,R64K,4465,NA,NA
2018-04-18 06:39:22,132918,R64K,4465,NA,NA
2018-04-18 06:40:04,132918,R64K,4465,NA,NA
2018-04-18 06:40:29,132918,R64K,4465,NA,NA
2018-04-18 06:42:03,132918,R64K,4465,NA,NA
2018-04-18 06:42:24,132918,R64K,4465,NA,NA
2018-04-18 06:42:50,132918,R64K,4465,NA,NA
2018-04-18 06:43:22,132918,R64K,4465,NA,NA
2018-04-18 06:44:01,132918,R64K,4465,NA,NA
2018-04-18 06:45:00,132918,R64K,4465,NA,NA
2018-04-18 06:45:45,132918,R64K,4465,NA,NA
2018-04-18 06:46:11,132918,R64K,4465,NA,NA
2018-04-18 06:46:44,132918,R64K,4465,NA,NA
2018-04-18 06:47:26,132918,R64K,4465,NA,NA
2018-04-18 06:48:18,132918,R64K,4465,NA,NA
2018-04-18 06:49:11,132918,R64K,4465,NA,NA
2018-04-18 06:49:48,132918,R64K,4465,NA,NA
2018-04-18 06:50:22,132918,R64K,4465,NA,NA
2018-04-18 06:50:59,132918,R64K,4465,NA,NA
2018-04-18 06:52:18,132918,R64K,4465,NA,NA
2018-04-18 06:53:48,132918,R64K,4465,NA,NA
2018-04-18 06:54:39,132918,R64K,4465,NA,NA
2018-04-18 06:55:36,132918,R64K,4465,NA,NA
2018-04-18 06:56:33,132918,R64K,4465,NA,NA
2018-04-18 06:56:54,132918,R64K,4465,NA,NA
2018-04-18 06:58:14,132918,R64K,4465,NA,NA
2018-04-18 06:58:39,132918,R64K,4465,NA,NA
2018-04-18 06:59:15,132918,R64K,4465,NA,NA
2018-04-18 07:00:09,132918,R64K,4465,NA,NA
2018-04-18 07:00:39,132918,R64K,4465,NA,NA
2018-04-18 07:01:20,132918,R64K,4465,NA,NA
2018-04-18 07:02:01,132918,R64K,4465,NA,NA
2018-04-18 07:02:33,132918,R64K,4465,NA,NA
2018-04-18 07:03:04,132918,R64K,4465,NA,NA
2018-04-18 07:03:36,132918,R64K,4465,NA,NA
2018-04-18 07:04:25,132918,R64K,4465,NA,NA
2018-04-18 07:05:25,132918,R64K,4465,NA,NA
2018-04-18 07:06:20,132918,R64K,4465,NA,NA
2018-04-18 07:07:45,132918,R64K,4465,NA,NA
2018-04-18 07:08:21,132918,R64K,4465,NA,NA
2018-04-18 07:09:13,132918,R64K,4465,NA,NA
2018-04-18 07:09:36,132918,R64K,4465,NA,NA
2018-04-18 07:09:58,132918,R64K,4465,NA,NA
2018-04-18 07:10:28,132918,R64K,4465,NA,NA
2018-04-18 07:10:48,132918,R64K,4465,NA,NA
2018-04-18 07:12:22,132918,R64K,4465,NA,NA
2018-04-18 07:13:01,132918,R64K,4465,NA,NA
2018-04-18 07:13:26,132918,R64K,4465,NA,NA
2018-04-18 07:14:01,132918,R64K,4465,NA,NA
2018-04-18 07:14:46,132918,R64K,4465,NA,NA
2018-04-18 07:15:38,132918,R64K,4465,NA,NA
2018-04-18 07:16:03,132918,R64K,4465,NA,NA
2018-04-18 07:17:03,132918,R64K,4465,NA,NA
2018-04-18 07:17:23,132918,R64K,4465,NA,NA
2018-04-18 07:17:50,132918,R64K,4465,NA,NA
2018-04-18 07:18:33,132918,R64K,4465,NA,NA
2018-04-18 07:19:32,132918,R64K,4465,NA,NA
2018-04-18 07:20:22,132918,R64K,4465,NA,NA
2018-04-18 07:20:54,132918,R64K,4465,NA,NA
2018-04-18 07:21:33,132918,R64K,4465,NA,NA
2018-04-18 07:21:57,132918,R64K,4465,NA,NA
2018-04-18 07:22:32,132918,R64K,4465,NA,NA
2018-04-18 07:23:17,132918,R64K,4465,NA,NA
2018-04-18 07:24:16,132918,R64K,4465,NA,NA
2018-04-18 07:24:46,132918,R64K,4465,NA,NA
2018-04-18 07:25:09,132918,R64K,4465,NA,NA
2018-04-18 07:25:37,132918,R64K,4465,NA,NA
2018-04-18 07:26:27,132918,R64K,4465,NA,NA
2018-04-18 07:26:52,132918,R64K,4465,NA,NA
2018-04-18 07:27:12,132918,R64K,4465,NA,NA
2018-04-18 07:27:58,132918,R64K,4465,NA,NA
2018-04-18 07:28:52,132918,R64K,4465,NA,NA
2018-04-18 07:29:47,132918,R64K,4465,NA,NA
2018-04-18 07:31:32,132918,R64K,4465,NA,NA
2018-04-18 07:32:27,132918,R64K,4465,NA,NA
2018-04-18 07:33:14,132918,R64K,4465,NA,NA
2018-04-18 07:33:41,132918,R64K,4465,NA,NA
2018-04-18 07:34:34,132918,R64K,4465,NA,NA
2018-04-18 07:35:11,132918,R64K,4465,NA,NA
2018-04-18 07:35:31,132918,R64K,4465,NA,NA
2018-04-18 07:36:25,132918,R64K,4465,NA,NA
2018-04-18 07:36:47,132918,R64K,4465,NA,NA
2018-04-18 07:37:33,132918,R64K,4465,NA,NA
2018-04-18 07:38:30,132918,R64K,4465,NA,NA
2018-04-18 07:39:21,132918,R64K,4465,NA,NA
2018-04-18 07:39:56,132918,R64K,4465,NA,NA
2018-04-18 07:40:25,132918,R64K,4465,NA,NA
2018-04-18 07:41:11,132918,R64K,4465,NA,NA
2018-04-18 07:41:31,132918,R64K,4465,NA,NA
2018-04-18 07:42:00,132918,R64K,4465,NA,NA
2018-04-18 07:42:48,132918,R64K,4465,NA,NA
2018-04-18 07:43:12,132918,R64K,4465,NA,NA
2018-04-18 07:43:37,132918,R64K,4465,NA,NA
2018-04-18 07:44:11,132918,R64K,4465,NA,NA
2018-04-18 07:44:58,132918,R64K,4465,NA,NA
2018-04-18 07:45:30,132918,R64K,4465,NA,NA
2018-04-18 07:46:26,132918,R64K,4465,NA,NA
2018-04-18 07:46:52,132918,R64K,4465,NA,NA
2018-04-18 07:47:52,132918,R64K,4465,NA,NA
2018-04-18 07:48:26,132918,R64K,4465,NA,NA
2018-04-18 07:49:00,132918,R64K,4465,NA,NA
2018-04-18 07:49:37,132918,R64K,4465,NA,NA
2018-04-18 07:50:10,132918,R64K,4465,NA,NA
2018-04-18 07:50:33,132918,R64K,4465,NA,NA
2018-04-18 07:51:30,132918,R64K,4465,NA,NA
2018-04-18 07:52:28,132918,R64K,4465,NA,NA
2018-04-18 07:53:06,132918,R64K,4465,NA,NA
2018-04-18 07:53:59,132918,R64K,4465,NA,NA
2018-04-18 07:54:26,132918,R64K,4465,NA,NA
2018-04-18 07:55:14,132918,R64K,4465,NA,NA
2018-04-18 07:55:43,132918,R64K,4465,NA,NA
2018-04-18 07:56:28,132918,R64K,4465,NA,NA
2018-04-18 07:56:51,132918,R64K,4465,NA,NA
2018-04-18 07:57:35,132918,R64K,4465,NA,NA
2018-04-18 07:58:16,132918,R64K,4465,NA,NA
2018-04-18 07:59:15,132918,R64K,4465,NA,NA
2018-04-18 07:59:44,132918,R64K,4465,NA,NA
2018-04-18 08:00:33,132918,R64K,4465,NA,NA
2018-04-18 08:01:32,132918,R64K,4465,NA,NA
2018-04-18 08:02:31,132918,R64K,4465,NA,NA
2018-04-18 08:03:15,132918,R64K,4465,NA,NA
2018-04-18 08:03:42,132918,R64K,4465,NA,NA
2018-04-18 08:04:21,132918,R64K,4465,NA,NA
2018-04-18 08:05:15,132918,R64K,4465,NA,NA
2018-04-18 08:05:51,132918,R64K,4465,NA,NA
2018-04-18 08:06:15,132918,R64K,4465,NA,NA
2018-04-18 08:06:57,132918,R64K,4465,NA,NA
2018-04-18 08:07:20,132918,R64K,4465,NA,NA
2018-04-18 08:08:18,132918,R64K,4465,NA,NA
2018-04-18 08:09:09,132918,R64K,4465,NA,NA
2018-04-18 08:10:00,132918,R64K,4465,NA,NA
2018-04-18 08:10:47,132918,R64K,4465,NA,NA
2018-04-18 08:11:37,132918,R64K,4465,NA,NA
2018-04-18 08:12:20,132918,R64K,4465,NA,NA
2018-04-18 08:12:45,132918,R64K,4465,NA,NA
2018-04-18 08:13:11,132918,R64K,4465,NA,NA
2018-04-18 08:13:43,132918,R64K,4465,NA,NA
2018-04-18 08:14:09,132918,R64K,4465,NA,NA
2018-04-18 08:15:08,132918,R64K,4465,NA,NA
2018-04-18 08:15:33,132918,R64K,4465,NA,NA
2018-04-18 08:16:23,132918,R64K,4465,NA,NA
2018-04-18 08:16:58,132918,R64K,4465,NA,NA
2018-04-18 08:17:21,132918,R64K,4465,NA,NA
2018-04-18 08:17:58,132918,R64K,4465,NA,NA
2018-04-18 08:18:40,132918,R64K,4465,NA,NA
2018-04-18 08:19:28,132918,R64K,4465,NA,NA
2018-04-18 08:19:54,132918,R64K,4465,NA,NA
2018-04-18 08:20:23,132918,R64K,4465,NA,NA
2018-04-18 08:21:15,132918,R64K,4465,NA,NA
2018-04-18 08:21:36,132918,R64K,4465,NA,NA
2018-04-18 08:22:04,132918,R64K,4465,NA,NA
2018-04-18 08:22:34,132918,R64K,4465,NA,NA
2018-04-18 08:23:33,132918,R64K,4465,NA,NA
2018-04-18 08:24:00,132918,R64K,4465,NA,NA
2018-04-18 08:24:53,132918,R64K,4465,NA,NA
2018-04-18 08:25:53,132918,R64K,4465,NA,NA
2018-04-18 08:26:15,132918,R64K,4465,NA,NA
2018-04-18 08:26:49,132918,R64K,4465,NA,NA
2018-04-18 08:27:40,132918,R64K,4465,NA,NA
2018-04-18 08:28:00,132918,R64K,4465,NA,NA
2018-04-18 08:28:49,132918,R64K,4465,NA,NA
2018-04-18 08:29:36,132918,R64K,4465,NA,NA
2018-04-18 08:30:28,132918,R64K,4465,NA,NA
2018-04-18 08:30:51,132918,R64K,4465,NA,NA
2018-04-18 08:31:31,132918,R64K,4465,NA,NA
2018-04-18 08:32:06,132918,R64K,4465,NA,NA
2018-04-18 08:33:01,132918,R64K,4465,NA,NA
2018-04-18 08:33:23,132918,R64K,4465,NA,NA
2018-04-18 08:33:54,132918,R64K,4465,NA,NA
2018-04-18 08:34:14,132918,R64K,4465,NA,NA
2018-04-18 08:35:12,132918,R64K,4465,NA,NA
2018-04-18 08:35:54,132918,R64K,4465,NA,NA
2018-04-18 08:36:15,132918,R64K,4465,NA,NA
2018-04-18 08:37:06,132918,R64K,4465,NA,NA
2018-04-18 08:37:48,132918,R64K,4465,NA,NA
2018-04-18 08:38:40,132918,R64K,4465,NA,NA
2018-04-18 08:39:05,132918,R64K,4465,NA,NA
2018-04-18 08:39:38,132918,R64K,4465,NA,NA
2018-04-18 08:40:02,132918,R64K,4465,NA,NA
2018-04-18 08:40:27,132918,R64K,4465,NA,NA
2018-04-18 08:41:25,132918,R64K,4465,NA,NA
2018-04-18 08:41:59,132918,R64K,4465,NA,NA
2018-04-18 08:42:37,132918,R64K,4465,NA,NA
2018-04-18 08:43:09,132918,R64K,4465,NA,NA
2018-04-18 08:44:05,132918,R64K,4465,NA,NA
2018-04-18 08:44:39,132918,R64K,4465,NA,NA
2018-04-18 08:45:10,132918,R64K,4465,NA,NA
2018-04-18 08:45:41,132918,R64K,4465,NA,NA
2018-04-18 08:46:07,132918,R64K,4465,NA,NA
2018-04-18 08:46:41,132918,R64K,4465,NA,NA
2018-04-18 08:47:05,132918,R64K,4465,NA,NA
2018-04-18 08:48:05,132918,R64K,4465,NA,NA
2018-04-18 08:48:35,132918,R64K,4465,NA,NA
2018-04-18 08:49:03,132918,R64K,4465,NA,NA
2018-04-18 08:49:38,132918,R64K,4465,NA,NA
2018-04-18 08:50:15,132918,R64K,4465,NA,NA
2018-04-18 08:51:13,132918,R64K,4465,NA,NA
2018-04-18 08:52:02,132918,R64K,4465,NA,NA
2018-04-18 08:52:55,132918,R64K,4465,NA,NA
2018-04-18 08:53:43,132918,R64K,4465,NA,NA
2018-04-18 08:54:39,132918,R64K,4465,NA,NA
2018-04-18 08:55:27,132918,R64K,4465,NA,NA
2018-04-18 08:55:55,132918,R64K,4465,NA,NA
2018-04-18 08:56:53,132918,R64K,4465,NA,NA
2018-04-18 08:57:40,132918,R64K,4465,NA,NA
2018-04-18 08:58:18,132918,R64K,4465,NA,NA
2018-04-18 08:58:48,132918,R64K,4465,NA,NA
2018-04-18 08:59:23,132918,R64K,4465,NA,NA
2018-04-18 09:00:06,132918,R64K,4465,NA,NA
2018-04-18 09:00:53,132918,R64K,4465,NA,NA
2018-04-18 09:01:41,132918,R64K,4465,NA,NA
2018-04-18 09:02:09,132918,R64K,4465,NA,NA
2018-04-18 09:03:04,132918,R64K,4465,NA,NA
2018-04-18 09:03:29,132918,R64K,4465,NA,NA
2018-04-18 09:04:12,132918,R64K,4465,NA,NA
2018-04-18 09:05:01,132918,R64K,4465,NA,NA
2018-04-18 09:05:39,132918,R64K,4465,NA,NA
2018-04-18 09:06:12,132918,R64K,4465,NA,NA
2018-04-18 09:06:53,132918,R64K,4465,NA,NA
2018-04-18 09:07:43,132918,R64K,4465,NA,NA
2018-04-18 09:08:37,132918,R64K,4465,NA,NA
2018-04-18 09:09:12,132918,R64K,4465,NA,NA
2018-04-18 09:10:10,132918,R64K,4465,NA,NA
2018-04-18 09:10:46,132918,R64K,4465,NA,NA
2018-04-18 09:11:36,132918,R64K,4465,NA,NA
2018-04-18 09:12:00,132918,R64K,4465,NA,NA
2018-04-18 09:12:56,132918,R64K,4465,NA,NA
2018-04-18 09:13:55,132918,R64K,4465,NA,NA
2018-04-18 09:14:16,132918,R64K,4465,NA,NA
2018-04-18 09:15:14,132918,R64K,4465,NA,NA
2018-04-18 09:15:55,132918,R64K,4465,NA,NA
2018-04-18 09:16:25,132918,R64K,4465,NA,NA
2018-04-18 09:17:08,132918,R64K,4465,NA,NA
2018-04-18 09:17:56,132918,R64K,4465,NA,NA
2018-04-18 09:18:16,132918,R64K,4465,NA,NA
2018-04-18 09:18:38,132918,R64K,4465,NA,NA
2018-04-18 09:19:33,132918,R64K,4465,NA,NA
2018-04-18 09:20:31,132918,R64K,4465,NA,NA
2018-04-18 09:21:05,132918,R64K,4465,NA,NA
2018-04-18 09:21:56,132918,R64K,4465,NA,NA
2018-04-18 09:22:53,132918,R64K,4465,NA,NA
2018-04-18 09:23:33,132918,R64K,4465,NA,NA
2018-04-18 09:23:55,132918,R64K,4465,NA,NA
2018-04-18 09:24:18,132918,R64K,4465,NA,NA
2018-04-18 09:24:42,132918,R64K,4465,NA,NA
2018-04-18 09:25:13,132918,R64K,4465,NA,NA
2018-04-18 09:26:02,132918,R64K,4465,NA,NA
2018-04-18 09:26:50,132918,R64K,4465,NA,NA
2018-04-18 09:27:15,132918,R64K,4465,NA,NA
2018-04-18 09:28:11,132918,R64K,4465,NA,NA
2018-04-18 09:29:11,132918,R64K,4465,NA,NA
